Transaction Date,Service Period Start Date,Service Period End Date,Description,Payment Type,Mop Last 4,Mop Creation Date,Mop Pmt Processor Desc,Item Price Amt,Currency,Tax Amt,Gross Sale Amt,Pmt Txn Type,Pmt Status,Final Invoice Result,Country,Next Billing Date
2024-02-25,2024-02-25,2024-03-24,SUBSCRIPTION,MASTERCARD,0051,,CHECKOUT-NAS,9.99,EUR,1.66,9.99,SALE,NEW,SETTLED,AL,2024-03-25
2024-02-25,,,payment_transaction,CC,0051,,,,EUR,,9.99,SALE,APPROVED,,AL,
2024-02-25,,,payment_transaction,CC,0051,,,,EUR,,9.99,SALE,NEW,,AL,
2024-02-25,2024-02-25,2024-03-24,SUBSCRIPTION,MASTERCARD,0051,,CHECKOUT-NAS,9.99,EUR,1.66,9.99,SALE,APPROVED,SETTLED,AL,2024-03-25
2024-01-25,,,payment_transaction,CC,0051,,,,EUR,,9.99,SALE,APPROVED,,AL,
2024-01-25,2024-01-25,2024-02-24,SUBSCRIPTION,MASTERCARD,0051,,CHECKOUT-NAS,9.99,EUR,1.66,9.99,SALE,APPROVED,SETTLED,AL,2024-02-25
2024-01-25,,,payment_transaction,CC,0051,,,,EUR,,9.99,SALE,NEW,,AL,
2024-01-25,2024-01-25,2024-02-24,SUBSCRIPTION,MASTERCARD,0051,,CHECKOUT-NAS,9.99,EUR,1.66,9.99,SALE,NEW,SETTLED,AL,2024-02-25
2023-12-25,2023-12-25,2024-01-24,SUBSCRIPTION,MASTERCARD,0051,,CHECKOUT-NAS,9.99,EUR,1.66,9.99,SALE,NEW,SETTLED,AL,2024-01-25
2023-12-25,,,payment_transaction,CC,0051,,,,EUR,,9.99,SALE,APPROVED,,AL,
2023-12-25,,,payment_transaction,CC,0051,,,,EUR,,9.99,SALE,NEW,,AL,
2023-12-25,2023-12-25,2024-01-24,SUBSCRIPTION,MASTERCARD,0051,,CHECKOUT-NAS,9.99,EUR,1.66,9.99,SALE,APPROVED,SETTLED,AL,2024-01-25
2023-11-25,,,payment_transaction,CC,0051,,,,EUR,,9.99,SALE,APPROVED,,AL,
2023-11-25,2023-11-25,2023-12-24,SUBSCRIPTION,MASTERCARD,0051,,ADYEN,9.99,EUR,1.66,9.99,SALE,NEW,SETTLED,AL,2023-12-25
2023-11-25,,,payment_transaction,CC,0051,,,,EUR,,9.99,SALE,NEW,,AL,
2023-11-25,2023-11-25,2023-12-24,SUBSCRIPTION,MASTERCARD,0051,,ADYEN,9.99,EUR,1.66,9.99,SALE,APPROVED,SETTLED,AL,2023-12-25
2023-10-25,,,payment_transaction,CC,0051,,,,EUR,,9.99,SALE,APPROVED,,AL,
2023-10-25,,,payment_transaction,CC,0051,,,,EUR,,9.99,SALE,NEW,,AL,
2023-10-25,2023-10-25,2023-11-24,SUBSCRIPTION,MASTERCARD,0051,,CHECKOUT-NAS,9.99,EUR,1.66,9.99,SALE,NEW,SETTLED,AL,2023-11-25
2023-10-25,2023-10-25,2023-11-24,SUBSCRIPTION,MASTERCARD,0051,,CHECKOUT-NAS,9.99,EUR,1.66,9.99,SALE,APPROVED,SETTLED,AL,2023-11-25
2023-09-25,2023-09-25,2023-10-24,SUBSCRIPTION,MASTERCARD,0051,,CHECKOUT-NAS,9.99,EUR,1.66,9.99,SALE,NEW,SETTLED,AL,2023-10-25
2023-09-25,2023-09-25,2023-10-24,SUBSCRIPTION,MASTERCARD,0051,,CHECKOUT-NAS,9.99,EUR,1.66,9.99,SALE,APPROVED,SETTLED,AL,2023-10-25
2023-09-25,,,payment_transaction,CC,0051,,,,EUR,,9.99,SALE,APPROVED,,AL,
2023-09-25,,,payment_transaction,CC,0051,,,,EUR,,9.99,SALE,NEW,,AL,
2023-08-25,2023-08-25,2023-09-24,SUBSCRIPTION,MASTERCARD,0051,,CHECKOUT-NAS,9.99,EUR,1.66,9.99,SALE,NEW,SETTLED,AL,2023-09-25
2023-08-25,,,payment_transaction,CC,0051,,,,EUR,,9.99,SALE,NEW,,AL,
2023-08-25,,,payment_transaction,CC,0051,,,,EUR,,9.99,SALE,APPROVED,,AL,
2023-08-25,2023-08-25,2023-09-24,SUBSCRIPTION,MASTERCARD,0051,,CHECKOUT-NAS,9.99,EUR,1.66,9.99,SALE,APPROVED,SETTLED,AL,2023-09-25
2023-07-25,2023-07-25,2023-08-24,SUBSCRIPTION,MASTERCARD,0051,,CHECKOUT-NAS,9.99,EUR,1.66,9.99,SALE,NEW,SETTLED,AL,2023-08-25
2023-07-25,,,payment_transaction,CC,0051,,,,EUR,,9.99,SALE,APPROVED,,AL,
2023-07-25,2023-07-25,2023-08-24,SUBSCRIPTION,MASTERCARD,0051,,CHECKOUT-NAS,9.99,EUR,1.66,9.99,SALE,APPROVED,SETTLED,AL,2023-08-25
2023-07-25,,,payment_transaction,CC,0051,,,,EUR,,9.99,SALE,NEW,,AL,
2023-06-25,,,payment_transaction,CC,0051,,,,EUR,,9.99,SALE,APPROVED,,AL,
2023-06-25,,,payment_transaction,CC,0051,,,,EUR,,9.99,SALE,PENDING,,AL,
2023-06-25,2023-06-25,2023-07-24,SUBSCRIPTION,MASTERCARD,0051,,PAYMENTECH,9.99,EUR,1.66,9.99,SALE,APPROVED,SETTLED,AL,2023-07-25
2023-06-25,,,payment_transaction,CC,0051,,,,EUR,,9.99,SALE,NEW,,AL,
2023-06-25,2023-06-25,2023-07-24,SUBSCRIPTION,MASTERCARD,0051,,PAYMENTECH,9.99,EUR,1.66,9.99,SALE,PENDING,SETTLED,AL,2023-07-25
2023-06-25,2023-06-25,2023-07-24,SUBSCRIPTION,MASTERCARD,0051,,PAYMENTECH,9.99,EUR,1.66,9.99,SALE,NEW,SETTLED,AL,2023-07-25
2023-05-25,2023-05-25,2023-06-24,SUBSCRIPTION,MASTERCARD,0051,,CHECKOUT-NAS,9.99,EUR,1.66,9.99,SALE,APPROVED,SETTLED,AL,2023-06-25
2023-05-25,,,payment_transaction,CC,0051,,,,EUR,,9.99,SALE,NEW,,AL,
2023-05-25,,,payment_transaction,CC,0051,,,,EUR,,9.99,SALE,APPROVED,,AL,
2023-05-25,2023-05-25,2023-06-24,SUBSCRIPTION,MASTERCARD,0051,,CHECKOUT-NAS,9.99,EUR,1.66,9.99,SALE,NEW,SETTLED,AL,2023-06-25
2023-04-25,2023-04-25,2023-05-24,SUBSCRIPTION,MASTERCARD,0051,,ADYEN,9.99,EUR,1.66,9.99,SALE,APPROVED,SETTLED,AL,2023-05-25
2023-04-25,,,payment_transaction,CC,0051,,,,EUR,,9.99,SALE,APPROVED,,AL,
2023-04-25,,,payment_transaction,CC,0051,,,,EUR,,9.99,SALE,NEW,,AL,
2023-04-25,2023-04-25,2023-05-24,SUBSCRIPTION,MASTERCARD,0051,,ADYEN,9.99,EUR,1.66,9.99,SALE,NEW,SETTLED,AL,2023-05-25
2023-03-25,2023-03-25,2023-04-24,SUBSCRIPTION,MASTERCARD,0051,,CHECKOUT-NAS,9.99,EUR,1.66,9.99,SALE,NEW,SETTLED,AL,2023-04-25
2023-03-25,,,payment_transaction,CC,0051,,,,EUR,,9.99,SALE,NEW,,AL,
2023-03-25,,,payment_transaction,CC,0051,,,,EUR,,9.99,SALE,APPROVED,,AL,
2023-03-25,2023-03-25,2023-04-24,SUBSCRIPTION,MASTERCARD,0051,,CHECKOUT-NAS,9.99,EUR,1.66,9.99,SALE,APPROVED,SETTLED,AL,2023-04-25
2023-02-25,2023-02-25,2023-03-24,SUBSCRIPTION,MASTERCARD,0051,,CHECKOUT-NAS,9.99,EUR,1.66,9.99,SALE,APPROVED,SETTLED,AL,2023-03-25
2023-02-25,,,payment_transaction,CC,0051,,,,EUR,,9.99,SALE,APPROVED,,AL,
2023-02-25,2023-02-25,2023-03-24,SUBSCRIPTION,MASTERCARD,0051,,CHECKOUT-NAS,9.99,EUR,1.66,9.99,SALE,NEW,SETTLED,AL,2023-03-25
2023-02-25,,,payment_transaction,CC,0051,,,,EUR,,9.99,SALE,NEW,,AL,
2023-01-25,,,payment_transaction,CC,0051,,,,EUR,,9.99,SALE,NEW,,AL,
2023-01-25,2023-01-25,2023-02-24,SUBSCRIPTION,MASTERCARD,0051,,PAYMENTECH,9.99,EUR,1.66,9.99,SALE,APPROVED,SETTLED,AL,2023-02-25
2023-01-25,2023-01-25,2023-02-24,SUBSCRIPTION,MASTERCARD,0051,,PAYMENTECH,9.99,EUR,1.66,9.99,SALE,PENDING,SETTLED,AL,2023-02-25
2023-01-25,2023-01-25,2023-02-24,SUBSCRIPTION,MASTERCARD,0051,,PAYMENTECH,9.99,EUR,1.66,9.99,SALE,NEW,SETTLED,AL,2023-02-25
2023-01-25,,,payment_transaction,CC,0051,,,,EUR,,9.99,SALE,PENDING,,AL,
2023-01-25,,,payment_transaction,CC,0051,,,,EUR,,9.99,SALE,APPROVED,,AL,
2022-12-25,,,payment_transaction,CC,0051,,,,EUR,,9.99,SALE,PENDING,,AL,
2022-12-25,2022-12-25,2023-01-24,SUBSCRIPTION,MASTERCARD,0051,,PAYMENTECH,9.99,EUR,1.66,9.99,SALE,NEW,SETTLED,AL,2023-01-25
2022-12-25,2022-12-25,2023-01-24,SUBSCRIPTION,MASTERCARD,0051,,PAYMENTECH,9.99,EUR,1.66,9.99,SALE,APPROVED,SETTLED,AL,2023-01-25
2022-12-25,,,payment_transaction,CC,0051,,,,EUR,,9.99,SALE,APPROVED,,AL,
2022-12-25,2022-12-25,2023-01-24,SUBSCRIPTION,MASTERCARD,0051,,PAYMENTECH,9.99,EUR,1.66,9.99,SALE,PENDING,SETTLED,AL,2023-01-25
2022-12-25,,,payment_transaction,CC,0051,,,,EUR,,9.99,SALE,NEW,,AL,
2022-11-25,,,payment_transaction,CC,0051,,,,EUR,,9.99,SALE,APPROVED,,AL,
2022-11-25,2022-11-25,2022-12-24,SUBSCRIPTION,MASTERCARD,0051,,PAYMENTECH,9.99,EUR,1.66,9.99,SALE,NEW,SETTLED,AL,2022-12-25
2022-11-25,,,payment_transaction,CC,0051,,,,EUR,,9.99,SALE,PENDING,,AL,
2022-11-25,,,payment_transaction,CC,0051,,,,EUR,,9.99,SALE,NEW,,AL,
2022-11-25,2022-11-25,2022-12-24,SUBSCRIPTION,MASTERCARD,0051,,PAYMENTECH,9.99,EUR,1.66,9.99,SALE,PENDING,SETTLED,AL,2022-12-25
2022-11-25,2022-11-25,2022-12-24,SUBSCRIPTION,MASTERCARD,0051,,PAYMENTECH,9.99,EUR,1.66,9.99,SALE,APPROVED,SETTLED,AL,2022-12-25
2022-10-25,,,payment_transaction,CC,0051,,,,EUR,,9.99,SALE,PENDING,,AL,
2022-10-25,,,payment_transaction,CC,0051,,,,EUR,,9.99,SALE,APPROVED,,AL,
2022-10-25,2022-10-25,2022-11-24,SUBSCRIPTION,MASTERCARD,0051,,PAYMENTECH,9.99,EUR,1.66,9.99,SALE,NEW,SETTLED,AL,2022-11-25
2022-10-25,2022-10-25,2022-11-24,SUBSCRIPTION,MASTERCARD,0051,,PAYMENTECH,9.99,EUR,1.66,9.99,SALE,PENDING,SETTLED,AL,2022-11-25
2022-10-25,2022-10-25,2022-11-24,SUBSCRIPTION,MASTERCARD,0051,,PAYMENTECH,9.99,EUR,1.66,9.99,SALE,APPROVED,SETTLED,AL,2022-11-25
2022-10-25,,,payment_transaction,CC,0051,,,,EUR,,9.99,SALE,NEW,,AL,
2022-09-25,2022-09-25,2022-10-24,SUBSCRIPTION,MASTERCARD,0051,,PAYMENTECH,9.99,EUR,1.66,9.99,SALE,APPROVED,SETTLED,AL,2022-10-25
2022-09-25,,,payment_transaction,CC,0051,,,,EUR,,9.99,SALE,APPROVED,,AL,
2022-09-25,,,payment_transaction,CC,0051,,,,EUR,,9.99,SALE,NEW,,AL,
2022-09-25,2022-09-25,2022-10-24,SUBSCRIPTION,MASTERCARD,0051,,PAYMENTECH,9.99,EUR,1.66,9.99,SALE,PENDING,SETTLED,AL,2022-10-25
2022-09-25,,,payment_transaction,CC,0051,,,,EUR,,9.99,SALE,PENDING,,AL,
2022-09-25,2022-09-25,2022-10-24,SUBSCRIPTION,MASTERCARD,0051,,PAYMENTECH,9.99,EUR,1.66,9.99,SALE,NEW,SETTLED,AL,2022-10-25
2022-08-25,,,payment_transaction,CC,0051,,,,EUR,,9.99,SALE,NEW,,AL,
2022-08-25,2022-08-25,2022-09-24,SUBSCRIPTION,MASTERCARD,0051,,PAYMENTECH,9.99,EUR,1.66,9.99,SALE,NEW,SETTLED,AL,2022-09-25
2022-08-25,,,payment_transaction,CC,0051,,,,EUR,,9.99,SALE,PENDING,,AL,
2022-08-25,2022-08-25,2022-09-24,SUBSCRIPTION,MASTERCARD,0051,,PAYMENTECH,9.99,EUR,1.66,9.99,SALE,APPROVED,SETTLED,AL,2022-09-25
2022-08-25,,,payment_transaction,CC,0051,,,,EUR,,9.99,SALE,APPROVED,,AL,
2022-08-25,2022-08-25,2022-09-24,SUBSCRIPTION,MASTERCARD,0051,,PAYMENTECH,9.99,EUR,1.66,9.99,SALE,PENDING,SETTLED,AL,2022-09-25
2022-07-25,,,payment_transaction,CC,0051,,,,EUR,,9.99,SALE,APPROVED,,AL,
2022-07-25,2022-07-25,2022-08-24,SUBSCRIPTION,MASTERCARD,0051,,PAYMENTECH,9.99,EUR,1.66,9.99,SALE,APPROVED,SETTLED,AL,2022-08-25
2022-07-25,2022-07-25,2022-08-24,SUBSCRIPTION,MASTERCARD,0051,,PAYMENTECH,9.99,EUR,1.66,9.99,SALE,PENDING,SETTLED,AL,2022-08-25
2022-07-25,,,payment_transaction,CC,0051,,,,EUR,,9.99,SALE,NEW,,AL,
2022-07-25,2022-07-25,2022-08-24,SUBSCRIPTION,MASTERCARD,0051,,PAYMENTECH,9.99,EUR,1.66,9.99,SALE,NEW,SETTLED,AL,2022-08-25
2022-07-25,,,payment_transaction,CC,0051,,,,EUR,,9.99,SALE,PENDING,,AL,
2022-06-25,2022-06-25,2022-07-24,SUBSCRIPTION,MASTERCARD,0051,,PAYMENTECH,9.99,EUR,1.66,9.99,SALE,PENDING,SETTLED,AL,2022-07-25
2022-06-25,2022-06-25,2022-07-24,SUBSCRIPTION,MASTERCARD,0051,,PAYMENTECH,9.99,EUR,1.66,9.99,SALE,APPROVED,SETTLED,AL,2022-07-25
2022-06-25,,,payment_transaction,CC,0051,,,,EUR,,9.99,SALE,APPROVED,,AL,
2022-06-25,2022-06-25,2022-07-24,SUBSCRIPTION,MASTERCARD,0051,,PAYMENTECH,9.99,EUR,1.66,9.99,SALE,NEW,SETTLED,AL,2022-07-25
2022-06-25,,,payment_transaction,CC,0051,,,,EUR,,9.99,SALE,PENDING,,AL,
2022-06-25,,,payment_transaction,CC,0051,,,,EUR,,9.99,SALE,NEW,,AL,
2022-05-25,,,payment_transaction,CC,0051,,,,EUR,,9.99,SALE,APPROVED,,AL,
2022-05-25,,,payment_transaction,CC,0051,,,,EUR,,9.99,SALE,NEW,,AL,
2022-05-25,2022-05-25,2022-06-24,SUBSCRIPTION,MASTERCARD,0051,,PAYMENTECH,9.99,EUR,1.66,9.99,SALE,APPROVED,SETTLED,AL,2022-06-25
2022-05-25,2022-05-25,2022-06-24,SUBSCRIPTION,MASTERCARD,0051,,PAYMENTECH,9.99,EUR,1.66,9.99,SALE,NEW,SETTLED,AL,2022-06-25
2022-05-25,2022-05-25,2022-06-24,SUBSCRIPTION,MASTERCARD,0051,,PAYMENTECH,9.99,EUR,1.66,9.99,SALE,PENDING,SETTLED,AL,2022-06-25
2022-05-25,,,payment_transaction,CC,0051,,,,EUR,,9.99,SALE,PENDING,,AL,
2022-04-25,2022-04-25,2022-05-24,SUBSCRIPTION,MASTERCARD,0051,,PAYMENTECH,9.99,EUR,1.66,9.99,SALE,APPROVED,SETTLED,AL,2022-05-25
2022-04-25,,,payment_transaction,CC,0051,,,,EUR,,9.99,SALE,PENDING,,AL,
2022-04-25,,,payment_transaction,CC,0051,,,,EUR,,9.99,SALE,APPROVED,,AL,
2022-04-25,2022-04-25,2022-05-24,SUBSCRIPTION,MASTERCARD,0051,,PAYMENTECH,9.99,EUR,1.66,9.99,SALE,NEW,SETTLED,AL,2022-05-25
2022-04-25,2022-04-25,2022-05-24,SUBSCRIPTION,MASTERCARD,0051,,PAYMENTECH,9.99,EUR,1.66,9.99,SALE,PENDING,SETTLED,AL,2022-05-25
2022-04-25,,,payment_transaction,CC,0051,,,,EUR,,9.99,SALE,NEW,,AL,
2022-03-25,,,payment_transaction,CC,0051,,,,EUR,,9.99,SALE,PENDING,,AL,
2022-03-25,2022-03-25,2022-04-24,SUBSCRIPTION,MASTERCARD,0051,,PAYMENTECH,9.99,EUR,1.66,9.99,SALE,NEW,SETTLED,AL,2022-04-25
2022-03-25,,,payment_transaction,CC,0051,,,,EUR,,9.99,SALE,NEW,,AL,
2022-03-25,,,payment_transaction,CC,0051,,,,EUR,,9.99,SALE,APPROVED,,AL,
2022-03-25,2022-03-25,2022-04-24,SUBSCRIPTION,MASTERCARD,0051,,PAYMENTECH,9.99,EUR,1.66,9.99,SALE,PENDING,SETTLED,AL,2022-04-25
2022-03-25,2022-03-25,2022-04-24,SUBSCRIPTION,MASTERCARD,0051,,PAYMENTECH,9.99,EUR,1.66,9.99,SALE,APPROVED,SETTLED,AL,2022-04-25
2022-02-25,2022-02-25,2022-03-24,SUBSCRIPTION,MASTERCARD,0051,,PAYMENTECH,9.99,EUR,1.66,9.99,SALE,PENDING,SETTLED,AL,2022-03-25
2022-02-25,,,payment_transaction,CC,0051,,,,EUR,,9.99,SALE,PENDING,,AL,
2022-02-25,,,payment_transaction,CC,0051,,,,EUR,,9.99,SALE,NEW,,AL,
2022-02-25,2022-02-25,2022-03-24,SUBSCRIPTION,MASTERCARD,0051,,PAYMENTECH,9.99,EUR,1.66,9.99,SALE,APPROVED,SETTLED,AL,2022-03-25
2022-02-25,2022-02-25,2022-03-24,SUBSCRIPTION,MASTERCARD,0051,,PAYMENTECH,9.99,EUR,1.66,9.99,SALE,NEW,SETTLED,AL,2022-03-25
2022-02-25,,,payment_transaction,CC,0051,,,,EUR,,9.99,SALE,APPROVED,,AL,
2022-01-25,2022-01-25,2022-02-24,SUBSCRIPTION,MASTERCARD,0051,,PAYMENTECH,9.99,EUR,1.66,9.99,SALE,APPROVED,SETTLED,AL,2022-02-25
2022-01-25,,,payment_transaction,CC,0051,,,,EUR,,9.99,SALE,APPROVED,,AL,
2022-01-25,,,payment_transaction,CC,0051,,,,EUR,,9.99,SALE,PENDING,,AL,
2022-01-25,2022-01-25,2022-02-24,SUBSCRIPTION,MASTERCARD,0051,,PAYMENTECH,9.99,EUR,1.66,9.99,SALE,PENDING,SETTLED,AL,2022-02-25
2022-01-25,2022-01-25,2022-02-24,SUBSCRIPTION,MASTERCARD,0051,,PAYMENTECH,9.99,EUR,1.66,9.99,SALE,NEW,SETTLED,AL,2022-02-25
2022-01-25,,,payment_transaction,CC,0051,,,,EUR,,9.99,SALE,NEW,,AL,
2021-12-25,2021-12-25,2022-01-24,SUBSCRIPTION,MASTERCARD,0051,,PAYMENTECH,9.99,EUR,1.66,9.99,SALE,NEW,SETTLED,AL,2022-01-25
2021-12-25,,,payment_transaction,CC,0051,,,,EUR,,9.99,SALE,APPROVED,,AL,
2021-12-25,2021-12-25,2022-01-24,SUBSCRIPTION,MASTERCARD,0051,,PAYMENTECH,9.99,EUR,1.66,9.99,SALE,PENDING,SETTLED,AL,2022-01-25
2021-12-25,,,payment_transaction,CC,0051,,,,EUR,,9.99,SALE,NEW,,AL,
2021-12-25,2021-12-25,2022-01-24,SUBSCRIPTION,MASTERCARD,0051,,PAYMENTECH,9.99,EUR,1.66,9.99,SALE,APPROVED,SETTLED,AL,2022-01-25
2021-12-25,,,payment_transaction,CC,0051,,,,EUR,,9.99,SALE,PENDING,,AL,
2021-11-25,,,payment_transaction,CC,0051,,,,EUR,,9.99,SALE,PENDING,,AL,
2021-11-25,2021-11-25,2021-12-24,SUBSCRIPTION,MASTERCARD,0051,,PAYMENTECH,9.99,EUR,1.66,9.99,SALE,APPROVED,SETTLED,AL,2021-12-25
2021-11-25,,,payment_transaction,CC,0051,,,,EUR,,9.99,SALE,APPROVED,,AL,
2021-11-25,2021-11-25,2021-12-24,SUBSCRIPTION,MASTERCARD,0051,,PAYMENTECH,9.99,EUR,1.66,9.99,SALE,NEW,SETTLED,AL,2021-12-25
2021-11-25,,,payment_transaction,CC,0051,,,,EUR,,9.99,SALE,NEW,,AL,
2021-11-25,2021-11-25,2021-12-24,SUBSCRIPTION,MASTERCARD,0051,,PAYMENTECH,9.99,EUR,1.66,9.99,SALE,PENDING,SETTLED,AL,2021-12-25
2021-10-25,2021-10-25,2021-11-24,SUBSCRIPTION,MASTERCARD,0051,,PAYMENTECH,9.99,EUR,1.66,9.99,SALE,PENDING,SETTLED,AL,2021-11-25
2021-10-25,,,payment_transaction,CC,0051,,,,EUR,,9.99,SALE,PENDING,,AL,
2021-10-25,2021-10-25,2021-11-24,SUBSCRIPTION,MASTERCARD,0051,,PAYMENTECH,9.99,EUR,1.66,9.99,SALE,NEW,SETTLED,AL,2021-11-25
2021-10-25,2021-10-25,2021-11-24,SUBSCRIPTION,MASTERCARD,0051,,PAYMENTECH,9.99,EUR,1.66,9.99,SALE,APPROVED,SETTLED,AL,2021-11-25
2021-10-25,,,payment_transaction,CC,0051,,,,EUR,,9.99,SALE,NEW,,AL,
2021-10-25,,,payment_transaction,CC,0051,,,,EUR,,9.99,SALE,APPROVED,,AL,
2021-09-25,,,payment_transaction,CC,0051,,,,EUR,,9.99,SALE,PENDING,,AL,
2021-09-25,,,payment_transaction,CC,0051,,,,EUR,,9.99,SALE,APPROVED,,AL,
2021-09-25,2021-09-25,2021-10-24,SUBSCRIPTION,MASTERCARD,0051,,PAYMENTECH,9.99,EUR,1.66,9.99,SALE,APPROVED,SETTLED,AL,2021-10-25
2021-09-25,2021-09-25,2021-10-24,SUBSCRIPTION,MASTERCARD,0051,,PAYMENTECH,9.99,EUR,1.66,9.99,SALE,NEW,SETTLED,AL,2021-10-25
2021-09-25,2021-09-25,2021-10-24,SUBSCRIPTION,MASTERCARD,0051,,PAYMENTECH,9.99,EUR,1.66,9.99,SALE,PENDING,SETTLED,AL,2021-10-25
2021-09-25,,,payment_transaction,CC,0051,,,,EUR,,9.99,SALE,NEW,,AL,
2021-08-29,,,payment_transaction,CC,0051,,,,EUR,,9.99,SALE,NEW,,AL,
2021-08-29,,,payment_transaction,CC,0051,,,,EUR,,9.99,SALE,PENDING,,AL,
2021-08-29,2021-08-29,2021-09-28,SUBSCRIPTION,MASTERCARD,0051,,PAYMENTECH,9.99,EUR,1.66,9.99,SALE,APPROVED,SETTLED,AL,2021-09-29
2021-08-29,,,payment_transaction,CC,0051,,,,EUR,,9.99,SALE,APPROVED,,AL,
2021-08-29,2021-08-29,2021-09-28,SUBSCRIPTION,MASTERCARD,0051,,PAYMENTECH,9.99,EUR,1.66,9.99,SALE,PENDING,SETTLED,AL,2021-09-29
2021-08-29,2021-08-29,2021-09-28,SUBSCRIPTION,MASTERCARD,0051,,PAYMENTECH,9.99,EUR,1.66,9.99,SALE,NEW,SETTLED,AL,2021-09-29
2021-07-29,2021-07-29,2021-08-28,SUBSCRIPTION,MASTERCARD,0051,,PAYMENTECH,9.99,EUR,1.66,9.99,SALE,PENDING,SETTLED,AL,2021-08-29
2021-07-29,2021-07-29,2021-08-28,SUBSCRIPTION,MASTERCARD,0051,,PAYMENTECH,9.99,EUR,1.66,9.99,SALE,APPROVED,SETTLED,AL,2021-08-29
2021-07-29,,,payment_transaction,CC,0051,,,,EUR,,9.99,SALE,APPROVED,,AL,
2021-07-29,,,payment_transaction,CC,0051,,,,EUR,,9.99,SALE,NEW,,AL,
2021-07-29,2021-07-29,2021-08-28,SUBSCRIPTION,MASTERCARD,0051,,PAYMENTECH,9.99,EUR,1.66,9.99,SALE,NEW,SETTLED,AL,2021-08-29
2021-07-29,,,payment_transaction,CC,0051,,,,EUR,,9.99,SALE,PENDING,,AL,
2021-06-29,2021-06-29,2021-07-28,SUBSCRIPTION,MASTERCARD,0051,,PAYMENTECH,9.99,EUR,1.66,9.99,SALE,APPROVED,SETTLED,AL,2021-07-29
2021-06-29,,,payment_transaction,CC,0051,,,,EUR,,9.99,SALE,NEW,,AL,
2021-06-29,2021-06-29,2021-07-28,SUBSCRIPTION,MASTERCARD,0051,,PAYMENTECH,9.99,EUR,1.66,9.99,SALE,PENDING,SETTLED,AL,2021-07-29
2021-06-29,2021-06-29,2021-07-28,SUBSCRIPTION,MASTERCARD,0051,,PAYMENTECH,9.99,EUR,1.66,9.99,SALE,NEW,SETTLED,AL,2021-07-29
2021-06-29,,,payment_transaction,CC,0051,,,,EUR,,9.99,SALE,APPROVED,,AL,
2021-06-29,,,payment_transaction,CC,0051,,,,EUR,,9.99,SALE,PENDING,,AL,
2021-05-29,2021-05-29,2021-06-28,SUBSCRIPTION,MASTERCARD,0051,,PAYMENTECH,9.99,EUR,1.66,9.99,SALE,NEW,SETTLED,AL,2021-06-29
2021-05-29,2021-05-29,2021-06-28,SUBSCRIPTION,MASTERCARD,0051,,PAYMENTECH,9.99,EUR,1.66,9.99,SALE,APPROVED,SETTLED,AL,2021-06-29
2021-05-29,,,payment_transaction,CC,0051,,,,EUR,,9.99,SALE,APPROVED,,AL,
2021-05-29,,,payment_transaction,CC,0051,,,,EUR,,9.99,SALE,PENDING,,AL,
2021-05-29,2021-05-29,2021-06-28,SUBSCRIPTION,MASTERCARD,0051,,PAYMENTECH,9.99,EUR,1.66,9.99,SALE,PENDING,SETTLED,AL,2021-06-29
2021-05-29,,,payment_transaction,CC,0051,,,,EUR,,9.99,SALE,NEW,,AL,
2021-04-29,,,payment_transaction,CC,0051,,,,EUR,,9.99,SALE,PENDING,,AL,
2021-04-29,2021-04-29,2021-05-28,SUBSCRIPTION,MASTERCARD,0051,,PAYMENTECH,9.99,EUR,1.66,9.99,SALE,APPROVED,SETTLED,AL,2021-05-29
2021-04-29,,,payment_transaction,CC,0051,,,,EUR,,9.99,SALE,APPROVED,,AL,
2021-04-29,2021-04-29,2021-05-28,SUBSCRIPTION,MASTERCARD,0051,,PAYMENTECH,9.99,EUR,1.66,9.99,SALE,PENDING,SETTLED,AL,2021-05-29
2021-03-29,,,payment_transaction,CC,0051,,,,EUR,,9.99,SALE,APPROVED,,AL,
2021-03-29,,,payment_transaction,CC,0051,,,,EUR,,9.99,SALE,PENDING,,AL,
2021-03-29,2021-03-29,2021-04-28,SUBSCRIPTION,MASTERCARD,0051,,PAYMENTECH,9.99,EUR,1.66,9.99,SALE,PENDING,SETTLED,AL,2021-04-29
2021-03-29,2021-03-29,2021-04-28,SUBSCRIPTION,MASTERCARD,0051,,PAYMENTECH,9.99,EUR,1.66,9.99,SALE,APPROVED,SETTLED,AL,2021-04-29
2021-02-28,,,payment_transaction,CC,0051,,,,EUR,,9.99,SALE,APPROVED,,AL,
2021-02-28,2021-02-28,2021-03-28,SUBSCRIPTION,MASTERCARD,0051,,PAYMENTECH,9.99,EUR,1.66,9.99,SALE,PENDING,SETTLED,AL,2021-03-29
2021-02-28,,,payment_transaction,CC,0051,,,,EUR,,9.99,SALE,PENDING,,AL,
2021-02-28,2021-02-28,2021-03-28,SUBSCRIPTION,MASTERCARD,0051,,PAYMENTECH,9.99,EUR,1.66,9.99,SALE,APPROVED,SETTLED,AL,2021-03-29
2021-01-29,,,payment_transaction,CC,0051,,,,EUR,,9.99,SALE,APPROVED,,AL,
2021-01-29,,,payment_transaction,CC,0051,,,,EUR,,9.99,SALE,PENDING,,AL,
2021-01-29,2021-01-29,2021-02-27,SUBSCRIPTION,MASTERCARD,0051,,PAYMENTECH,9.99,EUR,1.66,9.99,SALE,APPROVED,SETTLED,AL,2021-02-28
2021-01-29,2021-01-29,2021-02-27,SUBSCRIPTION,MASTERCARD,0051,,PAYMENTECH,9.99,EUR,1.66,9.99,SALE,PENDING,SETTLED,AL,2021-02-28
2020-12-29,,,payment_transaction,CC,0051,,,,EUR,,9.99,SALE,PENDING,,AL,
2020-12-29,2020-12-29,2021-01-28,SUBSCRIPTION,MASTERCARD,0051,,PAYMENTECH,9.99,EUR,1.66,9.99,SALE,APPROVED,SETTLED,AL,2021-01-29
2020-12-29,2020-12-29,2021-01-28,SUBSCRIPTION,MASTERCARD,0051,,PAYMENTECH,9.99,EUR,1.66,9.99,SALE,PENDING,SETTLED,AL,2021-01-29
2020-12-29,,,payment_transaction,CC,0051,,,,EUR,,9.99,SALE,APPROVED,,AL,
2020-11-29,2020-11-29,2020-12-28,SUBSCRIPTION,MASTERCARD,0051,,PAYMENTECH,9.99,EUR,1.66,9.99,SALE,APPROVED,SETTLED,AL,2020-12-29
2020-11-29,2020-11-29,2020-12-28,SUBSCRIPTION,MASTERCARD,0051,,PAYMENTECH,9.99,EUR,1.66,9.99,SALE,PENDING,SETTLED,AL,2020-12-29
2020-11-29,,,payment_transaction,CC,0051,,,,EUR,,9.99,SALE,PENDING,,AL,
2020-11-29,,,payment_transaction,CC,0051,,,,EUR,,9.99,SALE,APPROVED,,AL,
2020-10-29,2020-10-29,2020-11-28,SUBSCRIPTION,MASTERCARD,0051,,PAYMENTECH,9.99,EUR,1.66,9.99,SALE,APPROVED,SETTLED,AL,2020-11-29
2020-10-29,2020-10-29,2020-11-28,SUBSCRIPTION,MASTERCARD,0051,,PAYMENTECH,9.99,EUR,1.66,9.99,SALE,PENDING,SETTLED,AL,2020-11-29
2020-10-29,,,payment_transaction,CC,0051,,,,EUR,,9.99,SALE,APPROVED,,AL,
2020-10-29,,,payment_transaction,CC,0051,,,,EUR,,9.99,SALE,PENDING,,AL,
2020-09-29,,,payment_transaction,CC,0051,,,,EUR,,9.99,SALE,PENDING,,AL,
2020-09-29,,,payment_transaction,CC,0051,,,,EUR,,9.99,SALE,APPROVED,,AL,
2020-09-29,2020-09-29,2020-10-28,SUBSCRIPTION,MASTERCARD,0051,,PAYMENTECH,9.99,EUR,1.66,9.99,SALE,APPROVED,SETTLED,AL,2020-10-29
2020-09-29,2020-09-29,2020-10-28,SUBSCRIPTION,MASTERCARD,0051,,PAYMENTECH,9.99,EUR,1.66,9.99,SALE,PENDING,SETTLED,AL,2020-10-29
2020-08-29,,,payment_transaction,CC,0051,,,,EUR,,9.99,SALE,PENDING,,AL,
2020-08-29,2020-08-29,2020-09-28,SUBSCRIPTION,MASTERCARD,0051,,PAYMENTECH,9.99,EUR,1.66,9.99,SALE,APPROVED,SETTLED,AL,2020-09-29
2020-08-29,2020-08-29,2020-09-28,SUBSCRIPTION,MASTERCARD,0051,,PAYMENTECH,9.99,EUR,1.66,9.99,SALE,PENDING,SETTLED,AL,2020-09-29
2020-08-29,,,payment_transaction,CC,0051,,,,EUR,,9.99,SALE,APPROVED,,AL,
2020-07-29,2020-07-29,2020-08-28,SUBSCRIPTION,FREE_TRIAL,0051,,PAYMENTECH,7.99,EUR,1.33,7.99,CAPTURE,APPROVED,SETTLED,AL,2020-08-29
2020-07-29,,,payment_transaction,CC,0051,,,,EUR,,7.99,CAPTURE,APPROVED,,AL,
2020-07-29,,,payment_transaction,CC,0051,,,,EUR,,7.99,CHARGE,APPROVED,,AL,
2020-07-29,2020-07-29,2020-08-28,SUBSCRIPTION,FREE_TRIAL,0051,,PAYMENTECH,7.99,EUR,1.33,7.99,CHARGE,APPROVED,SETTLED,AL,2020-08-29
2020-06-25,,,payment_transaction,CC,0051,,,,EUR,,9.99,SALE,PENDING,,AL,
2020-06-25,2020-06-25,2020-07-24,SUBSCRIPTION,MASTERCARD,0051,,PAYMENTECH,9.99,EUR,1.66,9.99,SALE,APPROVED,SETTLED,AL,2020-07-25
2020-06-25,2020-06-25,2020-07-24,SUBSCRIPTION,MASTERCARD,0051,,PAYMENTECH,9.99,EUR,1.66,9.99,SALE,PENDING,SETTLED,AL,2020-07-25
2020-06-25,,,payment_transaction,CC,0051,,,,EUR,,9.99,SALE,APPROVED,,AL,
2020-05-25,,,payment_transaction,CC,0051,,,,EUR,,9.99,SALE,PENDING,,AL,
2020-05-25,2020-05-25,2020-06-24,SUBSCRIPTION,MASTERCARD,0051,,PAYMENTECH,9.99,EUR,1.66,9.99,SALE,PENDING,SETTLED,AL,2020-06-25
2020-05-25,2020-05-25,2020-06-24,SUBSCRIPTION,MASTERCARD,0051,,PAYMENTECH,9.99,EUR,1.66,9.99,SALE,APPROVED,SETTLED,AL,2020-06-25
2020-05-25,,,payment_transaction,CC,0051,,,,EUR,,9.99,SALE,APPROVED,,AL,
2020-04-24,2020-04-24,2020-05-24,SUBSCRIPTION,FREE_TRIAL,0051,,,9.99,EUR,0.0,0.0,,,SETTLED,AL,2020-05-25
2020-04-24,,,payment_transaction,CC,0051,,,,EUR,,0.0,VALIDATE,APPROVED,,AL,
