Profile Name,Country Iso Code,Device,Is Kids,Query Typed,Displayed Name,Action,Section,Utc Timestamp
Kids,AL,Smart TV,1,m,,play,title_results,2024-02-21 19:39:14
Kids,AL,Smart TV,1,m,,select,title_results,2024-02-21 19:38:25
Kids,AL,Smart TV,1,h,Home Alone,play,title_results,2024-02-16 20:55:25
Kids,AL,Smart TV,1,h,Home Alone,play,title_results,2024-02-16 20:20:02
Kids,AL,Smart TV,1,h,Home Alone,play,title_results,2024-02-16 19:42:52
Kids,AL,Smart TV,1,h,Home Alone,select,title_results,2024-02-16 19:42:50
Kids,AL,Smart TV,1,m,,play,title_results,2024-02-07 19:30:02
Kids,AL,Smart TV,1,m,,select,title_results,2024-02-07 19:30:01
Kids,AL,Smart TV,1,m,Nanny McPhee,play,title_results,2024-02-07 19:29:51
Kids,AL,Smart TV,1,m,Nanny McPhee,select,title_results,2024-02-07 19:29:49
Kids,AL,Smart TV,1,m,Matilda,play,title_results,2024-02-07 18:32:45
Kids,AL,Smart TV,1,m,Matilda,play,title_results,2024-02-07 17:43:57
Kids,AL,Smart TV,1,m,Matilda,select,title_results,2024-02-07 17:43:54
Kids,AL,Smart TV,1,,Sonic the Hedgehog 2,play,prequery_results,2023-11-18 13:33:45
Kids,AL,Smart TV,1,,Sonic the Hedgehog 2,select,prequery_results,2023-11-18 13:33:41
Kids,AL,Android Phone,1,horse,"Free Rein: Season 1: ""Raven""",play,title_results,2023-07-13 19:38:36
Kids,AL,Android Phone,1,horse,,select,title_results,2023-07-13 19:38:31
Kids,AL,Android Phone,1,horse,,select,title_results,2023-07-13 19:38:21
Kids,AL,Smart TV,1,,,select,prequery_results,2023-05-31 16:53:29
Kids,AL,Smart TV,1,,,select,prequery_results,2023-05-31 16:53:10
Kids,AL,Smart TV,1,,,select,prequery_results,2023-05-31 16:52:12
Kids,AL,Smart TV,1,mario,,play,title_results,2023-03-25 19:00:29
Kids,AL,Smart TV,1,mario,,select,title_results,2023-03-25 19:00:24
Kids,AL,Smart TV,1,,The SpongeBob Movie: Sponge Out of Water,select,prequery_results,2023-03-24 10:39:37
Kids,AL,Smart TV,1,garden of banban,The SpongeBob Movie: Sponge Out of Water,play,title_results,2023-03-18 12:04:50
Kids,AL,Smart TV,1,garden of banban,The SpongeBob Movie: Sponge Out of Water,select,title_results,2023-03-18 12:04:45
Kids,AL,Smart TV,1,,,play,prequery_results,2023-03-12 20:23:00
Kids,AL,Smart TV,1,,,select,prequery_results,2023-03-12 20:22:57
Kids,AL,Smart TV,1,pokemonj ,,play,title_results,2023-03-05 14:43:47
Kids,AL,Smart TV,1,pokemonj ,,play,title_results,2023-03-05 14:41:28
Kids,AL,Smart TV,1,pokemonj ,,select,title_results,2023-03-05 14:41:25
Kids,AL,Smart TV,1,sonic,,play,title_results,2022-09-28 17:50:36
Kids,AL,Smart TV,1,sonic,,play,title_results,2022-09-28 17:50:36
Kids,AL,Smart TV,1,sonic,,select,title_results,2022-09-28 17:50:32
Kids,AL,Smart TV,1,sonic,,select,title_results,2022-09-28 17:50:32
Kids,AL,Smart TV,1,to,,play,title_results,2021-12-15 20:35:23
Kids,AL,Smart TV,1,to,,select,title_results,2021-12-15 20:35:18
Kids,AL,Smart TV,1,frozen,Despicable Me 2,play,,2020-10-29 12:41:12
Kids,AL,Smart TV,1,frozen,Despicable Me 2,select,,2020-10-29 12:41:07
Kids,AL,Smart TV,1,masha,The Angry Birds Movie,play,,2020-10-28 16:42:09
Kids,AL,Smart TV,1,masha,The Angry Birds Movie,select,,2020-10-28 16:42:04
Evis,AL,HTML 5,0,knives,Glass Onion: A Knives Out Mystery,play,title_results,2024-02-08 15:37:20
Evis,AL,Android Phone,0,knives ,Glass Onion: A Knives Out Mystery,select,title_results,2024-02-08 15:31:55
Evis,AL,HTML 5,0,body,"Bodyguard: Season 1: ""Episode 1""",play,title_results,2024-01-09 16:11:03
Evis,AL,Smart TV,0,pu,Purple Hearts,play,title_results,2024-01-07 19:20:12
Evis,AL,Smart TV,0,pu,Purple Hearts,select,title_results,2024-01-07 19:20:09
Evis,AL,Smart TV,0,tu,Last Call for Istanbul,play,title_results,2024-01-05 21:59:01
Evis,AL,Smart TV,0,tu,Last Call for Istanbul,select,title_results,2024-01-05 21:58:59
Evis,AL,Smart TV,0,pu,Purple Hearts,play,title_results,2024-01-05 17:38:32
Evis,AL,Smart TV,0,pu,Purple Hearts,select,title_results,2024-01-05 17:38:23
Evis,AL,HTML 5,0,night agent,,play,title_results,2023-12-18 19:20:45
Evis,AL,HTML 5,0,best,Best. Christmas. Ever!,play,title_results,2023-12-01 14:54:12
Evis,AL,Android Phone,0,klaus,Klaus,add,title_results,2023-11-25 19:42:14
Evis,AL,Android Phone,0,klaus,Klaus,select,title_results,2023-11-25 19:42:06
Evis,AL,Android Phone,0,a star is,Gaga: Five Foot Two,select,title_results,2023-11-11 19:33:16
Evis,AL,HTML 5,0,all the light,,add,title_results,2023-11-07 15:03:58
Evis,AL,Android Phone,0,laprediletta,,select,title_results,2023-09-22 18:44:44
Evis,ES,HTML 5,0,modern famil,,select,suggestion_results,2023-09-11 18:02:24
Evis,AL,HTML 5,0,the komi,"The Kominsky Method: Season 1: ""Chapter 1. An Actor Avoids""",play,title_results,2023-08-28 17:50:02
Evis,AL,Android Phone,0,the deepest,The Deepest Breath,select,title_results,2023-08-11 14:14:52
Evis,AL,Android Phone,0,horse,,select,title_results,2023-07-28 12:03:59
Evis,AL,Android Phone,0,horse,Walk. Ride. Rodeo.,select,title_results,2023-07-28 12:03:53
Evis,AL,Android Phone,0,palpi,,add,title_results,2023-07-21 20:57:18
Evis,AL,Android Phone,0,palpi,,select,title_results,2023-07-21 20:57:06
Evis,AL,HTML 5,0,ranch,"The Ranch: Part 1: ""Back Where I Come From""",play,title_results,2023-06-26 18:50:57
Evis,AL,Android Phone,0,where the,Where the Tracks End,add,title_results,2023-05-28 12:36:47
Evis,AL,Android Phone,0,where the,Where the Tracks End,select,title_results,2023-05-28 12:36:46
Evis,AL,Android Phone,0,,,select,prequery_results,2023-05-08 16:04:36
Evis,AL,HTML 5,0,ranch,"The Ranch: Part 1: ""Back Where I Come From""",play,title_results,2023-05-03 17:53:35
Evis,AL,HTML 5,0,ranc,,play,title_results,2023-05-03 17:04:13
Evis,AL,Android Phone,0,girl in ,Girl in the Picture,add,title_results,2023-05-02 13:58:32
Evis,AL,Android Phone,0,girl in ,Girl in the Picture,select,title_results,2023-05-02 13:58:28
Evis,AL,Android Phone,0,the good nur,The Good Nurse,add,title_results,2023-04-30 13:02:25
Evis,AL,Android Phone,0,the good nur,The Good Nurse,select,title_results,2023-04-30 13:02:16
Evis,AL,HTML 5,0,beef,"BEEF: Season 1: ""I Am a Cage""",play,,2023-04-24 19:14:15
Evis,AL,HTML 5,0,beef,"BEEF: Season 1: ""The Birds Don't Sing, They Screech in Pain""",play,title_results,2023-04-18 14:19:39
Evis,AL,Android Phone,0,hung,Hunger,select,title_results,2023-04-15 13:32:28
Evis,AL,HTML 5,0,the blacklist,"The Blacklist: Season 1: ""Pilot""",play,title_results,2023-04-03 18:49:04
Evis,AL,HTML 5,0,blacklist,,play,title_results,2023-04-03 18:31:42
Evis,AL,HTML 5,0,the blacklist,"The Blacklist: Season 10: ""The Night Owl""",play,title_results,2023-03-28 20:09:50
Evis,AL,HTML 5,0,the blacklist,"The Blacklist: Season 10: ""The Night Owl""",play,,2023-03-28 19:44:29
Evis,AL,HTML 5,0,the blacklist,"The Blacklist: Season 10: ""The Night Owl""",play,,2023-03-28 18:33:16
Evis,AL,HTML 5,0,love hard,Love Hard,add,title_results,2023-03-26 19:55:57
Evis,AL,Smart TV,0,,,play,prequery_results,2023-03-16 20:15:40
Evis,AL,Smart TV,0,,,select,prequery_results,2023-03-16 20:13:36
Evis,AL,Smart TV,0,,,play,prequery_results,2023-03-13 20:37:39
Evis,AL,Smart TV,0,,,select,prequery_results,2023-03-13 20:37:35
Evis,AL,Smart TV,0,,,play,prequery_results,2023-03-10 20:39:22
Evis,AL,Smart TV,0,,,select,prequery_results,2023-03-10 20:39:17
Evis,AL,Smart TV,0,,,play,prequery_results,2023-03-09 21:59:55
Evis,AL,Smart TV,0,,,select,prequery_results,2023-03-09 21:59:51
Evis,AL,Smart TV,0,,,play,prequery_results,2023-03-03 20:26:44
Evis,AL,Smart TV,0,,,select,prequery_results,2023-03-03 20:26:41
Evis,AL,Smart TV,0,,,play,prequery_results,2023-02-13 20:44:25
Evis,AL,Smart TV,0,,,select,prequery_results,2023-02-13 20:44:22
Evis,AL,Smart TV,0,e,,play,title_results,2023-02-10 20:25:22
Evis,AL,Smart TV,0,e,,play,title_results,2023-02-10 20:25:22
Evis,AL,Smart TV,0,e,,select,title_results,2023-02-10 20:23:01
Evis,AL,Smart TV,0,e,,select,title_results,2023-02-10 20:23:01
Evis,AL,Smart TV,0,e,,play,title_results,2023-02-10 20:20:25
Evis,AL,Smart TV,0,e,,play,title_results,2023-02-10 20:20:25
Evis,AL,Smart TV,0,e,,select,title_results,2023-02-10 20:20:22
Evis,AL,Smart TV,0,e,,select,title_results,2023-02-10 20:20:22
Evis,AL,HTML 5,0,everything ,Everything Everywhere All at Once,select,suggestion_results,2023-01-27 18:38:30
Evis,AL,HTML 5,0,everything ,Everything Everywhere All at Once,select,suggestion_results,2023-01-27 18:38:30
Evis,AL,HTML 5,0,tar,Tar,select,suggestion_results,2023-01-27 18:38:16
Evis,AL,HTML 5,0,tar,Tar,select,suggestion_results,2023-01-27 18:38:16
Evis,AL,iPhone,0,lupi,,select,title_results,2022-12-30 13:26:07
Evis,AL,iPhone,0,a bad mom ,A Bad Moms Christmas,select,title_results,2022-12-29 16:03:33
Evis,AL,iPhone,0,,No Limit,select,prequery_results,2022-10-01 14:26:09
Evis,AL,HTML 5,0,amsterdam,,play,title_results,2022-09-26 18:18:34
Evis,AL,HTML 5,0,amsterdam,,play,title_results,2022-09-26 18:18:34
Evis,AL,iPhone,0,no limit,No Limit,add,title_results,2022-09-25 19:08:58
Evis,AL,iPhone,0,no limit,No Limit,select,title_results,2022-09-25 19:08:36
Evis,AL,iPhone,0,family,,select,title_results,2022-09-25 18:40:04
Evis,AL,iPhone,0,cooks,,select,title_results,2022-09-25 18:39:22
Evis,AL,HTML 5,0,baby,,play,title_results,2022-09-17 19:58:37
Evis,AL,HTML 5,0,baby,,play,title_results,2022-09-17 19:58:37
Evis,AL,Smart TV,0,,Purple Hearts,play,prequery_results,2022-08-26 15:40:44
Evis,AL,Smart TV,0,,Purple Hearts,select,prequery_results,2022-08-26 15:40:40
Evis,AL,HTML 5,0,commu,,play,title_results,2022-06-16 19:36:07
Evis,AL,HTML 5,0,commu,,play,title_results,2022-06-16 19:36:07
Evis,AL,iPhone,0,tosc,Toscana,select,title_results,2022-05-29 17:00:08
Evis,AL,iPhone,0,tosc,Toscana,select,title_results,2022-05-29 11:23:03
Evis,AL,Smart TV,0,tu,,play,suggestion_results,2022-04-26 19:25:59
Evis,AL,Smart TV,0,tu,,select,suggestion_results,2022-04-26 19:25:57
Evis,AL,Smart TV,0,tu,,play,suggestion_results,2022-04-26 19:25:28
Evis,AL,Smart TV,0,tu,,select,suggestion_results,2022-04-26 19:25:26
Evis,AL,Smart TV,0,tu,,play,suggestion_results,2022-04-26 19:25:17
Evis,AL,Smart TV,0,tu,,select,suggestion_results,2022-04-26 19:25:15
Evis,AL,Smart TV,0,tu,,play,suggestion_results,2022-04-26 19:24:57
Evis,AL,Smart TV,0,tu,,select,suggestion_results,2022-04-26 19:24:53
Evis,AL,Smart TV,0,tu,,select,suggestion_results,2022-04-26 19:24:43
Evis,AL,Smart TV,0,tu,,select,suggestion_results,2022-04-26 19:24:09
Evis,AL,Smart TV,0,s,Sonic the Hedgehog,select,title_results,2022-04-26 19:21:46
Evis,AL,HTML 5,0,brooklyn,"Brooklyn Nine-Nine: Season 1: ""Pilot""",play,title_results,2022-04-07 20:01:40
Evis,AL,Smart TV,0,tu,,play,suggestion_results,2022-03-16 20:16:20
Evis,AL,Smart TV,0,tu,,select,suggestion_results,2022-03-16 20:16:17
Evis,AL,Smart TV,0,tu,,select,suggestion_results,2022-03-16 20:15:28
Evis,AL,Smart TV,0,tu,,select,suggestion_results,2022-03-16 20:15:16
Evis,AL,Smart TV,0,red,Red Notice,play,title_results,2022-03-13 20:53:27
Evis,AL,Smart TV,0,red,Red Notice,select,title_results,2022-03-13 20:53:24
Evis,AL,Smart TV,0,,,play,suggestion_results,2022-03-13 20:50:57
Evis,AL,Smart TV,0,,,select,suggestion_results,2022-03-13 20:50:54
Evis,AL,Smart TV,0,,,select,suggestion_results,2022-03-13 20:50:44
Evis,AL,HTML 5,0,brookl,,play,title_results,2022-03-02 20:14:50
Evis,AL,Smart TV,0,,,play,prequery_results,2022-02-28 20:16:50
Evis,AL,Smart TV,0,,,select,prequery_results,2022-02-28 20:16:47
Evis,AL,Smart TV,0,daaw,,play,title_results,2022-02-13 20:04:56
Evis,AL,Smart TV,0,daaw,,play,title_results,2022-02-13 19:55:03
Evis,AL,Smart TV,0,daaw,,select,title_results,2022-02-13 19:54:57
Evis,AL,Smart TV,0,daw,,play,suggestion_results,2022-01-20 19:55:13
Evis,AL,Smart TV,0,daw,,select,suggestion_results,2022-01-20 19:55:08
Evis,AL,Smart TV,0,daw,Dawson's Creek: Series Finale,select,suggestion_results,2022-01-20 19:54:33
Evis,AL,iPhone,0,my big,My Big Fat Greek Wedding 2,select,title_results,2022-01-15 17:03:29
Evis,AL,Smart TV,0,hote,,play,title_results,2022-01-13 19:48:56
Evis,AL,Smart TV,0,hote,,select,title_results,2022-01-13 19:48:50
Evis,AL,Smart TV,0,hot,,play,title_results,2022-01-12 20:16:21
Evis,AL,Smart TV,0,hot,,select,title_results,2022-01-12 20:16:16
Evis,AL,Smart TV,0,scene,,play,suggestion_results,2021-10-17 18:53:58
Evis,AL,Smart TV,0,scene,,select,suggestion_results,2021-10-17 18:53:54
Evis,AL,Smart TV,0,scene,,select,suggestion_results,2021-10-17 18:53:34
Evis,AL,Smart TV,0,scene,Scenes from a Marriage,select,suggestion_results,2021-10-17 18:53:23
Evis,AL,Smart TV,0,emi,,play,title_results,2021-09-10 18:17:25
Evis,AL,Smart TV,0,emi,,select,title_results,2021-09-10 18:17:22
Evis,AL,HTML 5,0,the chair,"The Chair: Season 1: ""Brilliant Mistake""",play,title_results,2021-08-27 18:15:48
Evis,AL,HTML 5,0,blacklist,"The Blacklist: Season 1: ""The Freelancer (No. 145)""",play,title_results,2021-07-14 18:21:16
Evis,AL,HTML 5,0,nine,,play,title_results,2021-07-07 10:24:07
Evis,AL,HTML 5,0,master of none,,play,,2021-01-16 14:29:04
Evis,AL,HTML 5,0,bla,"The Blacklist: Season 1: ""Pilot""",play,,2020-12-22 13:24:54
Evis,AL,HTML 5,0,breaking bad,"Breaking Bad: Season 1: ""Pilot""",play,,2020-10-27 09:32:11
Evis,AL,HTML 5,0,breaking bad,,play,,2020-10-27 08:35:42
Evis,AL,HTML 5,0,the office,,select,,2020-10-27 07:59:44
Evis,AL,HTML 5,0,coac,Coach Carter,play,,2020-08-04 11:00:13
Evis,AL,HTML 5,0,big bang,,play,,2020-07-21 10:13:03
Evis,AL,HTML 5,0,rounders,The Lincoln Lawyer,play,,2020-07-03 08:43:54
Evis,AL,HTML 5,0,scherlock,,play,,2020-06-29 11:17:26
Evis,AL,HTML 5,0,suits,,play,,2020-06-19 21:21:57
Evis,AL,HTML 5,0,suits,,select,,2020-06-11 18:08:50
Evis,AL,iPhone,0,suits,,select,,2020-06-11 18:05:03
Evis,AL,HTML 5,0,suits,,play,,2020-05-05 19:14:52
Evis,AL,HTML 5,0,the crown,,play,,
Evis,AL,HTML 5,0,the yard,,select,,
Evis,AL,HTML 5,0,the crown,,select,,
Redona,AL,Android Phone,0,your pl,Your Place or Mine,select,title_results,2024-03-02 15:02:36
Redona,AL,Android Phone,0,your pl,Your Place or Mine,add,title_results,2024-03-02 15:02:32
Redona,AL,Android Phone,0,your pl,Your Place or Mine,select,title_results,2024-03-02 15:02:28
Redona,AL,Android Phone,0,your pla,Your Place or Mine,add,title_results,2024-03-02 15:00:44
Redona,AL,Android Phone,0,your pla,Your Place or Mine,select,title_results,2024-03-02 15:00:42
Redona,AL,Android Phone,0,maestro,Maestro,select,title_results,2024-02-29 20:16:01
Redona,AL,Android Phone,0,one day,One Day More,select,title_results,2024-02-25 13:54:23
Redona,AL,Android Phone,0,one day,,add,title_results,2024-02-25 08:51:11
Redona,AL,Android Phone,0,one day,,select,title_results,2024-02-25 08:51:01
Redona,AL,Android Phone,0,alba,,add,title_results,2024-02-23 19:22:27
Redona,AL,Android Phone,0,alba,,select,title_results,2024-02-23 19:22:21
Redona,AL,Android Phone,0,a brit,,select,title_results,2024-02-23 19:15:21
Redona,AL,Android Phone,0,the gentle,Lift,select,title_results,2024-02-16 20:00:47
Redona,AL,Android Phone,0,the gentle,,select,title_results,2024-02-16 20:00:26
Redona,AL,Android Phone,0,,November Criminals,select,prequery_results,2024-02-09 20:13:34
Redona,AL,Android Phone,0,,I Love Lizzy,select,prequery_results,2024-02-09 20:13:07
Redona,AL,Android Phone,0,,,select,prequery_results,2024-02-09 20:12:53
Redona,AL,Android Phone,0,,I Love Lizzy,select,prequery_results,2024-02-09 20:12:28
Redona,AL,Android Phone,0,sick of my,Murder on The Orient Express,select,title_results,2024-02-09 20:11:30
Redona,AL,Android Phone,0,sick of my,Poisoned: The Dirty Truth About Your Food,select,title_results,2024-02-09 20:11:13
Redona,AL,Android Phone,0,sick of my,,select,title_results,2024-02-09 20:10:53
Redona,AL,Android Phone,0,sick of my,28 Days,select,title_results,2024-02-09 20:10:47
Redona,AL,Android Phone,0,sick of my,,select,title_results,2024-02-09 20:10:37
Redona,AL,Android Phone,0,sick of my,,select,title_results,2024-02-09 20:10:03
Redona,AL,Android Phone,0,sick of my,,select,title_results,2024-02-09 20:09:09
Redona,AL,Android Phone,0,sick of my,God's Crooked Lines,select,title_results,2024-02-09 20:08:54
Redona,AL,Android Phone,0,sick of my,The Trip,select,title_results,2024-02-09 20:08:49
Redona,AL,Android Phone,0,maes,Maestro,add,title_results,2024-01-31 19:58:17
Redona,AL,Android Phone,0,maes,Maestro,select,title_results,2024-01-31 19:58:15
Redona,AL,Android Phone,0,deep fear,Deep Fear,add,title_results,2024-01-31 19:58:07
Redona,AL,Android Phone,0,deep fear,Deep Fear,select,title_results,2024-01-31 19:57:56
Redona,AL,Android Phone,0,inno,,add,title_results,2024-01-28 19:27:09
Redona,AL,Android Phone,0,inno,,select,title_results,2024-01-28 19:27:07
Redona,AL,Android Phone,0,nyad,NYAD,select,title_results,2024-01-28 12:58:01
Redona,AL,Android Phone,0,coben,,select,title_results,2024-01-21 15:08:49
Redona,AL,Android Phone,0,coben,,select,title_results,2024-01-21 15:08:42
Redona,AL,Android Phone,0,fury,Fury,select,title_results,2024-01-21 13:24:42
Redona,AL,Android Phone,0,you are ,,add,title_results,2024-01-21 13:23:45
Redona,AL,Android Phone,0,you are ,,select,title_results,2024-01-21 13:23:36
Redona,AL,Android Phone,0,the fall ,Luther: The Fallen Sun,select,title_results,2024-01-21 13:23:20
Redona,AL,Android Phone,0,the fall ,,add,title_results,2024-01-21 13:22:41
Redona,AL,Android Phone,0,the fall ,,select,title_results,2024-01-21 13:22:33
Redona,AL,Android Phone,0,stay close,,select,title_results,2024-01-13 14:17:59
Redona,AL,Android Phone,0,soci,Society of the Snow,add,title_results,2024-01-11 20:27:34
Redona,AL,Android Phone,0,soci,Society of the Snow,select,title_results,2024-01-11 20:27:21
Redona,AL,Android Phone,0,dubai ,,add,title_results,2024-01-01 20:48:44
Redona,AL,Android Phone,0,dubai ,,select,title_results,2024-01-01 20:48:30
Redona,AL,Android Phone,0,sempre natale,Christmas as Usual,add,title_results,2023-12-30 14:33:35
Redona,AL,Android Phone,0,sempre natale,Christmas as Usual,select,title_results,2023-12-30 14:33:24
Redona,AL,Android Phone,0,bad s,,add,title_results,2023-12-30 14:32:03
Redona,AL,Android Phone,0,bad s,,select,title_results,2023-12-30 14:31:25
Redona,AL,Android Phone,0,emily in paris,,select,title_results,2023-12-30 14:29:59
Redona,AL,Android Phone,0,the snowman,The Claus Family,add,title_results,2023-12-17 14:11:29
Redona,AL,Android Phone,0,the snowman,The Claus Family,select,title_results,2023-12-17 14:11:23
Redona,AL,Android Phone,0,arthur ,Arthur Christmas,add,title_results,2023-12-17 14:10:28
Redona,AL,Android Phone,0,arthur ,Arthur Christmas,select,title_results,2023-12-17 14:10:25
Redona,AL,Android Phone,0,the christmas ch,The Christmas Chronicles,select,title_results,2023-12-17 14:10:10
Redona,AL,Android Phone,0,klaus,Klaus,add,title_results,2023-12-17 14:09:20
Redona,AL,Android Phone,0,klaus,Klaus,select,title_results,2023-12-17 14:09:16
Redona,AL,Android Phone,0,how the grinch,How the Grinch Stole Christmas,select,title_results,2023-12-17 14:08:07
Redona,AL,Android Phone,0,love actually,Love Actually,add,title_results,2023-12-17 14:07:55
Redona,AL,Android Phone,0,love actually,Love Actually,select,title_results,2023-12-17 14:07:42
Redona,AL,Android Phone,0,the night ,,add,title_results,2023-12-17 13:25:10
Redona,AL,Android Phone,0,the night ,,select,title_results,2023-12-17 13:25:01
Redona,AL,Android Phone,0,nyad,NYAD,add,title_results,2023-12-10 14:23:40
Redona,AL,Android Phone,0,nyad,NYAD,select,title_results,2023-12-10 14:23:05
Redona,AL,Android Phone,0,czar,,select,title_results,2023-12-03 16:13:32
Redona,AL,Android Phone,0,almost ,,add,title_results,2023-12-03 14:09:45
Redona,AL,Android Phone,0,almost ,,select,title_results,2023-12-03 14:09:40
Redona,AL,Android Phone,0,snow ,,add,title_results,2023-11-25 20:49:11
Redona,AL,Android Phone,0,snow ,,select,title_results,2023-11-25 20:49:09
Redona,AL,Android Phone,0,gaga,Gaga: Five Foot Two,select,title_results,2023-11-25 19:26:17
Redona,AL,Android Phone,0,pact,,add,title_results,2023-11-17 19:38:16
Redona,AL,Android Phone,0,pact,,select,title_results,2023-11-17 19:38:13
Redona,AL,Android Phone,0,fubar,,select,title_results,2023-11-04 13:41:05
Redona,AL,Android Phone,0,fair,Fair Play,add,title_results,2023-11-04 13:40:13
Redona,AL,Android Phone,0,fair,Fair Play,select,title_results,2023-11-04 13:40:03
Redona,AL,Android Phone,0,reptile,Reptile,add,title_results,2023-11-04 13:39:55
Redona,AL,Android Phone,0,reptile,Reptile,select,title_results,2023-11-04 13:39:40
Redona,AL,Android Phone,0,nowhere,Nowhere,add,title_results,2023-11-04 13:39:28
Redona,AL,Android Phone,0,nowhere,Nowhere,select,title_results,2023-11-04 13:39:16
Redona,AL,Android Phone,0,garf,,add,title_results,2023-10-29 14:02:07
Redona,AL,Android Phone,0,garf,,select,title_results,2023-10-29 14:02:03
Redona,AL,Android Phone,0,beck,,add,title_results,2023-10-15 14:10:35
Redona,AL,Android Phone,0,beck,,select,title_results,2023-10-15 14:10:33
Redona,AL,Android Phone,0,women ,,add,title_results,2023-10-06 18:52:44
Redona,AL,Android Phone,0,women ,,select,title_results,2023-10-06 18:52:36
Redona,AL,Android Phone,0,the last zar,,add,title_results,2023-10-06 18:52:09
Redona,AL,Android Phone,0,the last zar,,select,title_results,2023-10-06 18:52:03
Redona,AL,Android Phone,0,lid,Keep a Lid on It,select,title_results,2023-10-06 18:51:39
Redona,AL,Android Phone,0,lid,,add,title_results,2023-10-06 18:51:32
Redona,AL,Android Phone,0,lid,,select,title_results,2023-10-06 18:51:26
Redona,AL,Android Phone,0,baz,,add,title_results,2023-09-29 18:51:12
Redona,AL,Android Phone,0,baz,,select,title_results,2023-09-29 18:51:09
Redona,AL,Android Phone,0,the deepest ,The Deepest Breath,add,title_results,2023-08-11 14:15:55
Redona,AL,Android Phone,0,the deepest ,The Deepest Breath,select,title_results,2023-08-11 14:15:54
Redona,AL,Android Phone,0,gossip,,add,title_results,2023-08-01 15:19:42
Redona,AL,Android Phone,0,gossip,,select,title_results,2023-08-01 15:19:37
Redona,AL,Android Phone,0,mati,Roald Dahl's Matilda The Musical,add,title_results,2023-06-02 14:07:43
Redona,AL,Android Phone,0,mati,Roald Dahl's Matilda The Musical,select,title_results,2023-06-02 14:07:31
Redona,AL,Android Phone,0,mati,Matilda,select,title_results,2023-06-02 14:07:28
Redona,AL,Android Phone,0,cleo,,add,title_results,2023-05-21 13:03:28
Redona,AL,Android Phone,0,cleo,,select,title_results,2023-05-21 13:03:23
Redona,AL,Android Phone,0,fire,,add,title_results,2023-05-19 20:41:10
Redona,AL,Android Phone,0,fire,,select,title_results,2023-05-19 20:41:06
Redona,AL,Android Phone,0,night in paradi,Night in Paradise,select,title_results,2023-05-13 14:02:33
Redona,AL,Android Phone,0,blackfish,Blackfish,select,title_results,2023-04-08 13:50:47
Redona,AL,Android Phone,0,black,Black,select,title_results,2023-04-08 13:49:41
Redona,AL,HTML 5,0,colors of love,Colors of Love,play,title_results,2023-02-11 14:43:12
Redona,AL,HTML 5,0,colors of love,Colors of Love,play,title_results,2023-02-11 14:43:12
Redona,AL,iPhone,0,the week,The Week Of,play,title_results,2023-01-18 20:25:22
Redona,AL,iPhone,0,the week,The Week Of,select,title_results,2023-01-18 20:25:19
Redona,AL,iPhone,0,the sea inside,,select,title_results,2023-01-18 20:18:30
Redona,AL,iPhone,0,the sea inside,Paddleton,select,title_results,2023-01-18 20:18:02
Redona,AL,iPhone,0,,Dog Gone,play,prequery_results,2023-01-15 13:45:03
Redona,AL,iPhone,0,,Dog Gone,select,prequery_results,2023-01-15 13:45:00
Redona,AL,iPhone,0,ok,Okja,add,title_results,2022-12-31 15:01:21
Redona,AL,iPhone,0,ok,Okja,select,title_results,2022-12-31 15:01:08
Redona,AL,iPhone,0,christma,A Christmas Prince,select,title_results,2022-12-23 17:47:51
Redona,AL,iPhone,0,christma,A Christmas Prince,select,title_results,2022-12-23 17:47:47
Redona,AL,iPhone,0,christma,Return to Christmas Creek,select,title_results,2022-12-23 17:47:19
Redona,AL,iPhone,0,christma,A Christmas Prince,select,title_results,2022-12-23 17:47:07
Redona,AL,iPhone,0,christma,Falling for Christmas,select,title_results,2022-12-23 17:46:53
Redona,AL,iPhone,0,natale a cin,The Price of Family,select,title_results,2022-12-23 15:10:39
Redona,AL,iPhone,0,natale a cin,The Price of Family,select,title_results,2022-12-23 15:10:10
Redona,AL,iPhone,0,natale a cin,5 Star Christmas,select,title_results,2022-12-23 15:10:03
Redona,AL,iPhone,0,natale a cin,5 Star Christmas,add,title_results,2022-12-23 15:09:34
Redona,AL,iPhone,0,natale a cin,5 Star Christmas,select,title_results,2022-12-23 15:09:30
Redona,AL,iPhone,0,the watc,,add,title_results,2022-12-10 20:41:00
Redona,AL,iPhone,0,the watc,,select,title_results,2022-12-10 20:40:12
Redona,AL,iPhone,0,news ,News of the World,add,title_results,2022-11-19 20:58:33
Redona,AL,iPhone,0,news ,News of the World,select,title_results,2022-11-19 20:58:19
Redona,AL,iPhone,0,adore,The Choice,select,title_results,2022-11-12 15:41:51
Redona,AL,iPhone,0,the empres,,add,title_results,2022-10-09 12:54:59
Redona,AL,iPhone,0,the empres,,select,title_results,2022-10-09 12:54:53
Redona,AL,iPhone,0,high notr,The High Note,add,title_results,2022-10-08 13:44:06
Redona,AL,iPhone,0,high notr,The High Note,select,title_results,2022-10-08 13:44:00
Redona,AL,iPhone,0,,The Constant Gardener,select,prequery_results,2022-10-02 20:01:36
Redona,AL,iPhone,0,a royal,A Royal Winter,select,title_results,2022-10-01 19:54:09
Redona,AL,iPhone,0,nott,Notting Hill,add,title_results,2022-09-23 20:00:35
Redona,AL,iPhone,0,nott,Notting Hill,select,title_results,2022-09-23 20:00:33
Redona,AL,HTML 5,0,erin b,Erin Brockovich,add,title_results,2022-09-17 20:10:30
Redona,AL,HTML 5,0,erin b,Erin Brockovich,add,title_results,2022-09-17 20:10:30
Redona,AL,iPhone,0,carter,Carter,select,title_results,2022-08-27 20:20:57
Redona,AL,iPhone,0,selling the,,select,title_results,2022-08-27 20:20:11
Redona,AL,iPhone,0,look both,Look Both Ways,add,title_results,2022-08-20 13:34:37
Redona,AL,iPhone,0,look both,Look Both Ways,select,title_results,2022-08-20 13:34:33
Redona,AL,iPhone,0,two hearts,2 Hearts,select,title_results,2022-08-16 18:55:32
Redona,AL,HTML 5,0,senior year,Senior Year,play,title_results,2022-06-24 21:06:14
Redona,AL,HTML 5,0,senior year,Senior Year,play,title_results,2022-06-24 21:06:14
Redona,AL,iPhone,0,who ki,,select,title_results,2022-06-03 20:42:36
Redona,AL,iPhone,0,who ki,,select,title_results,2022-06-03 20:42:30
Redona,AL,iPhone,0,who ki,,add,title_results,2022-06-03 20:35:34
Redona,AL,iPhone,0,who ki,,select,title_results,2022-06-03 20:35:12
Redona,AL,iPhone,0,,Toscana,select,prequery_results,2022-05-29 17:00:37
Redona,AL,iPhone,0,pro,,add,title_results,2022-04-17 14:35:54
Redona,AL,iPhone,0,pro,,select,title_results,2022-04-17 14:35:27
Redona,AL,iPhone,0,mati,Matilda,select,title_results,2022-04-10 12:59:06
Redona,AL,iPhone,0,peaky,,add,title_results,2022-04-10 12:34:22
Redona,AL,iPhone,0,peaky,,select,title_results,2022-04-10 12:34:17
Redona,AL,iPhone,0,,365 Days,select,prequery_results,2022-04-10 12:28:31
Redona,AL,iPhone,0,hitc,Hitch,select,title_results,2022-04-10 12:28:08
Redona,AL,iPhone,0,game of thrones,,select,title_results,2022-04-10 11:59:13
Redona,AL,iPhone,0,joker,Joker,select,title_results,2022-04-10 11:58:43
Redona,AL,iPhone,0,hangover 1,Hitch,select,title_results,2022-04-04 18:52:00
Redona,AL,iPhone,0,hangover 1,The Hungover Games,select,title_results,2022-04-04 18:51:09
Redona,AL,iPhone,0,the harder,The Harder They Fall,add,title_results,2022-04-03 19:09:39
Redona,AL,iPhone,0,the harder,The Harder They Fall,select,title_results,2022-04-03 19:09:36
Redona,AL,iPhone,0,bombshell,Red Notice,select,title_results,2022-04-03 11:56:52
Redona,AL,iPhone,0,bombshell,Red Notice,select,title_results,2022-04-03 11:56:45
Redona,AL,iPhone,0,bombshell,The Interpreter,select,title_results,2022-04-03 11:56:32
Redona,AL,iPhone,0,is it cake,,add,title_results,2022-04-02 18:30:44
Redona,AL,iPhone,0,is it cake,,select,title_results,2022-04-02 18:30:39
Redona,AL,iPhone,0,tonya,"I, Tonya",select,suggestion_results,2022-03-25 16:37:12
Redona,AL,iPhone,0,tonya,,select,title_results,2022-03-25 16:37:04
Redona,AL,iPhone,0,tonya,,select,title_results,2022-03-25 16:36:48
Redona,AL,iPhone,0,,Into the Wind,add,prequery_results,2022-03-13 13:45:38
Redona,AL,iPhone,0,,Into the Wind,select,prequery_results,2022-03-13 13:45:31
Redona,AL,iPhone,0,hitch,Hitch,select,title_results,2022-03-06 17:45:38
Redona,AL,iPhone,0,hitch,Hitch,select,title_results,2022-03-06 17:40:26
Redona,AL,iPhone,0,pa,Papillon,add,title_results,2022-03-06 15:11:52
Redona,AL,iPhone,0,pa,Papillon,select,title_results,2022-03-06 15:11:46
Redona,AL,iPhone,0,winter ,Winter on Fire: Ukraine's Fight for Freedom,select,title_results,2022-03-03 18:39:31
Redona,AL,iPhone,0,fear ci,Love Tactics,select,prequery_results,2022-02-26 20:59:34
Redona,AL,iPhone,0,fear ci,8 Mile,select,title_results,2022-02-26 20:59:12
Redona,AL,iPhone,0,fear ci,,select,title_results,2022-02-26 20:58:35
Redona,AL,iPhone,0,tinder,The Tinder Swindler,add,title_results,2022-02-12 20:07:02
Redona,AL,iPhone,0,tinder,The Tinder Swindler,select,title_results,2022-02-12 20:06:58
Redona,AL,iPhone,0,new amster,,add,title_results,2022-02-06 19:20:45
Redona,AL,iPhone,0,new amster,,select,title_results,2022-02-06 19:20:42
Redona,AL,HTML 5,0,into the wild,Into the Wild,add,title_results,2022-01-09 14:14:22
Redona,AL,HTML 5,0,into the wild,Into the Wild,play,title_results,2022-01-09 14:14:11
Redona,AL,HTML 5,0,the girl fr,,add,title_results,2022-01-05 20:16:50
Redona,AL,HTML 5,0,the girl fr,,play,title_results,2022-01-05 20:14:38
Redona,AL,iPhone,0,serendipity,Soy Rada: Serendipity,select,title_results,2022-01-02 18:09:11
Redona,AL,iPhone,0,holidat,The Holiday,select,title_results,2022-01-02 18:08:37
Redona,AL,iPhone,0,a dogs ,A Dog's Purpose,select,title_results,2022-01-02 18:02:53
Redona,AL,iPhone,0,a dogs ,A Dog's Purpose,select,title_results,2022-01-02 18:02:46
Redona,AL,HTML 5,0,hive,Hive,select,suggestion_results,2022-01-01 15:31:36
Redona,AL,HTML 5,0,maid,,add,title_results,2021-11-03 21:20:57
Redona,AL,HTML 5,0,click,,play,,2021-11-03 21:20:12
Redona,AL,HTML 5,0,behind her ,,play,,2021-11-03 21:19:41
Redona,AL,HTML 5,0,silver skates,Silver Skates,add,title_results,2021-10-17 18:49:42
Redona,AL,HTML 5,0,silver skates,Silver Skates,play,,2021-10-17 18:49:30
Redona,AL,HTML 5,0,sea,Seaspiracy,add,title_results,2021-08-15 13:02:04
Redona,AL,HTML 5,0,good sam,Good Sam,add,,2021-06-06 12:35:48
Redona,AL,HTML 5,0,blue miracl,Blue Miracle,play,,2021-05-27 19:29:39
Redona,AL,HTML 5,0,sea,Seaspiracy,play,,2021-05-16 12:16:56
Redona,AL,HTML 5,0,hillbilly,Hillbilly Elegy,add,,2021-03-27 20:59:04
Redona,AL,HTML 5,0,hillbilly,Hillbilly Elegy,add,,2021-03-27 20:59:03
Redona,AL,HTML 5,0,hillbilly,Hillbilly Elegy,add,,2021-03-27 20:59:03
Redona,AL,HTML 5,0,hillbilly,Hillbilly Elegy,add,,2021-03-27 20:58:57
Redona,AL,HTML 5,0,patric,PATRICK (2019),add,,2021-03-25 20:54:53
Redona,AL,iPhone,0,dream ,"Dream Home Makeover: Season 1: ""Forever Home""",play,,2020-10-27 21:02:17
Redona,AL,iPhone,0,dream ,,add,,2020-10-27 21:01:26
Redona,AL,iPhone,0,dream ,,select,,2020-10-27 21:01:16
Redona,AL,iPhone,0,word,World War Z,select,,2020-10-11 18:01:22
Redona,AL,HTML 5,0,playbook,,play,,2020-10-03 17:27:42
Redona,AL,HTML 5,0,american made,American Made Movie,select,,2020-10-01 18:52:28
Redona,AL,HTML 5,0,peaky blinders,,play,,2020-09-23 19:39:55
Redona,AL,HTML 5,0,maid of honor,Made of Honor,add,,2020-09-17 19:46:05
Redona,AL,HTML 5,0,maid of honor,Made of Honor,play,,2020-09-17 19:45:48
Redona,AL,HTML 5,0,no reservat,No Reservations,add,,2020-08-30 18:27:44
Redona,AL,HTML 5,0,no reservat,No Reservations,play,,2020-08-30 18:27:10
Redona,AL,HTML 5,0,no reservation,No Reservations,play,,2020-08-30 18:17:34
Redona,AL,HTML 5,0,no reservation,No Reservations,select,,2020-08-30 18:17:29
Redona,AL,HTML 5,0,unorthodox,,play,,2020-07-05 18:21:22
Redona,AL,HTML 5,0,unorthodox,,play,,2020-07-05 18:19:56
Redona,AL,HTML 5,0,the orthodox,,play,,2020-07-05 18:16:53
Redona,AL,HTML 5,0,the crown,,play,,
Redona,AL,HTML 5,0,the crown,"The Crown: Season 1: ""Gelignite""",play,,
Redona,AL,HTML 5,0,the crown,,select,,
Redona,AL,HTML 5,0,the crown,,play,,
Redona,AL,HTML 5,0,the crown,,play,,
Redona,AL,HTML 5,0,the crown,"The Crown: Season 1: ""Wolferton Splash""",play,,
